chunck,skill
contact,0
4 additional experience,0
career,0
mechanicalumnedu,0
area companies,0
dropin  advising,1
quantitative,1
dublin community health center,0
prepare database,1
the particulate mass concentration,0
its framework,0
laminar shear,0
accomplishments,0
career objective,0
java python engineering university,1
summary,0
the   purpose,0
up to 8 patients,0
a bullet point,0
your purpose,0
a curriculum vitae cv,0
a solution,0
mass loading,0
education,1
the content section,0
fractal aggregates     measure penetration,1
assistant graduate level courseadvanced aerosol,1
records,0
prepared catalogs,0
electron microscopy tem sem,1
most recruiters,0
mind,0
academic calendars,0
may 2011    college,0
a successful career students,0
example,0
imagining alternatives,0
specific terms,0
a graduate resume,0
a cv,0
candidate mechanical engineering,1
anical michael goldy article grant riter journal article title international journal,1
the years,0
the  skills,1
an online application,0
a multidisciplinary team,1
foresaw,0
your advanced practice nursing experience,1
a list,0
resumes,0
every experience,0
place,0
their academic journey,0
the resume,0
publications,1
measurement,1
graduate,0
reports,1
library access,0
varying plasma conditions,0
weak skills statement,1
email,0
more tips,0
nursing technology lab complex,1
the document,0
findings,1
page 7  cv example,0
students,0
street,0
problemsolving,1
all your experiences,0
decision,1
monitor other coworkers,1
this quality,0
communication,1
expected graduation,0
tip create,0
antonio b,0
teamwork,1
the job description,0
silver aggregates,1
american filtration,0
research,1
calculating results,1
100 honest and factual avoid abbreviations,0
ergonomics structural failures,0
particle counter nanoparticle surface area monitor nanometer aerosol sampler aerodynamic particle,1
standards,0
awards,1
committee,0
an effective way,0
attach ments,0
your involvement,0
publicationspresentations organizations,1
the college,0
national library,0
relationships,1
your advantage,0
1012 point,0
the same old verbs,0
the email,0
assistant,1
particle diffusion loss correction,1
these types,0
american society,0
templates,1
problem solving,1
the employer,0
helped,0
an employers first impression,0
homework problems,1
collaborate,1
a minimum,0
almost all people,0
common sections,0
the case,0
a gmp environment,0
mechanical engineering university,1
intelligence level,1
financial  background,0
any age  group,0
your college,0
assessing students,1
teaching experiences,1
the search,1
the internship coordinator,0
curriculum vitae workshops,1
other tas,0
symbols,0
professional engineers graduate student scholarship,0
clinical or advanced practice,1
graduate assistant,1
september 2010  present,0
the library users,0
support guidance,0
gpa 3340    university,1
life experiences,0
traditional round solid bullet points,0
your experience,0
your        coursework extracurricular activities,0
different feedback,0
java python managing books,1
professional      advancement grants,0
something,0
your contribution,0
java python workshops,1
recent first include,0
experiences,0
st paul mn,0
each experience,0
most graduate entry students,0
they,0
conditions,0
advices,0
identifying problems,0
your academic career,0
order,0
interviewing,0
your documents,0
professional engineers,1
content,0
the experimental setup,0
current experiences,0
effective production,0
employment,0
requirements,0
i,0
policies,0
presentations,1
the first look,0
the descriptions,0
universal nanoparticle analyzer unpa,0
page 1  experience,0
computers,1
manufacturing,1
email address,0
the length,0
usage,0
a webbased software,1
minnesota society,0
american control      conference auburn al january,0
such students,0
a  resume,0
c++ transferable skills,1
instrumentation,0
the use,0
science,0
tag,0
library assets,0
c++ human relations,1
work experience,0
professional organizations,1
number,0
the  future,0
tip consider,0
this information,0
the manufacturing,1
a team,0
six sigma capability studies,1
various sintering temperatures,0
the name job title organization name address phone number,0
april 2014   handheld device,0
nonlinear observer,0
assisting students,1
a 1inch margin,0
the universal nanoparticle analyzer,1
qualifications,0
the daily skills,0
debugged code errors    research,0
decisions,0
the control hardware,0
graduate students,0
metal nanoparticle agglomerates,0
proper guidance,0
a fastpaced community clinic                                                                      nicholas nurse rn,0
teaching,1
ventilation,0
specific experience sections,0
c++ industry,1
systematic measurement,1
your contact information,0
list,0
the choice,0
graduate resume,0
time,0
3 years,0
your  strengths,1
pg,0
the university executive council,0
mechanical design,1
contact information,0
identifying resources,1
a faculty member,0
candidates,0
a resume references,0
four sections,0
a good idea,0
attention,1
examples,0
a master,1
a variety,0
wisconsinmadison,0
java python knowledge,1
arts,1
a career andor job,0
the resume writing process,0
mechanical      engineering,1
thesisdissertation,0
educational resources,0
graphics nonblack ink shading,0
north star stem alliance scholar university,0
opportunity,0
aerosol physics,0
the center,0
airborne nanoparticle,1
anical michael john author anne gineer journal article title international journal,1
their requirements,0
memberships,0
recommended professional development courses,0
a graduate entry,0
mechanical engineers,1
community center,0
cv writing,1
a unique and personal document,0
a  reputed school college,0
required information,0
scholarship,0
java python conduct numerical study,1
conference st louis mo,0
the implementation,0
academic books availability,0
first other sections,0
scan,0
errors,0
all institutions,0
35 individuals,0
my we,0
filter performance evaluation dust       cake loading and filter pleating design,0
plasma laboratory,0
may,0
courses,0
good resume bullets,0
fractal aggregates,0
managing conflict,1
meeting goals,1
michael anical,0
the name,0
the 3 components,0
additional skills,1
your resume cover letter,0
group,0
coaching,1
improvements,0
september,0
a resume,0
cv sections,0
an academic version,0
reversechronological order,0
each page,0
the labview control software,0
neighborhood schools,0
the readers,0
filtration research cfr                              spring semester,0
the minnesota      society,0
professional   reviewer,0
dust cake formation,0
community   volunteer annual blood driveamerican red cross,0
relevant clinical experience,0
patrons,0
the top,0
methods,0
american institute,0
andy mann journal article title international journal,0
drop,0
hours paper,0
action verbs,0
capital city medical center                          bexley oh,0
the additional outside nursing experience,1
filter efficiency,0
any bookstore or office supply store,0
tests,0
committees,0
an action verb,0
java python work satisfaction,1
thermalfluid problems,1
your position title organization name,0
integrated input roller,0
quality issues,0
the university,0
industry experience,1
a traditional ms student,0
3 relevant,0
assistance,0
high quality resume paper,1
complete sentences,0
you,0
your experiences,0
sizer,0
project areas,0
a wireless communication device,0
handling details,0
bold italics,0
some suggestions,0
nursing blvd columbus oh,0
great interest,0
your statements,0
goldy001umnedu,0
conducted office hours,0
books age,0
a separate document,0
one side,0
more than one version,0
a key product characterization procedure,0
portland  college,0
a few pages,0
research faculty contributing,1
your  works,0
homework solutions,0
resume verbs,0
oct 2630 2013     presentation online measurements,0
the xyz company,0
skills statement,0
promoting change,0
university name college name city,0
spark discharge,0
its expiration date,0
an ability,1
these experiences,0
c++ general academic counseling,1
numerical study,1
aggregate fractal dimension,0
setting,0
crystalline silicon nanoparticles minnesota society,0
college advising committee,0
dissertation titles minors coursework academic awards,0
376    related industry experience,0
gopher p 2  project,0
references,0
experience,1
tom article title conference title conference city state,0
your name,0
other interns,0
relationship professor,0
meetings,1
phrases,0
detailed care plans,0
diesel engine emissions,1
transferable or soft skills,1
124 minnesota lane    minneapolis mn 55414    6515557799    blabbumnedu    relationship ph d advisor,0
letter,0
6515557799    mmachineumnedu    relationship teaching assistant advisor,0
the certificate,1
all your accomplishments,1
a skills statement,0
cities,0
an employer,0
better reference materials,0
the position,0
your peers,0
offwhite,0
basic understanding,1
resume paper,0
diagnoses,0
members,0
garamond,0
anical michael rita journal,0
initiating new ideas,0
qualities,1
presented,0
perceiving,0
a  work,0
realtime structure,1
page 3  accomplishment,0
nursing,1
harley vincent drive,0
educated patients,0
transport,1
who,0
electron and atomic force microscopes,1
subject classifications,1
other optional sections,0
promise,0
research technologies,1
the purchasing,0
professional      engineers conference minneapolis mn,1
aerosolnanoparticle synthesis sampling measurements,1
smoke generation,1
education   bachelors degree,0
guide individuals,0
excellent supervising skills,1
career potential,1
the name dates,0
single crystal cube,0
most cases,0
exams,0
these sections,0
tangible skills,1
each reference,0
april 2011  present,0
professional engineers conference st paul mn,0
statistical analysis,1
various standard operating procedures,0
laboratory instruments,1
proficiency avoid,0
result,0
brainstormed,1
day,0
minneapolis mn,0
st paul mn              june 2011july 2011    references,0
illinois,0
the most  used books,0
interaction,0
page,0
coordinating tasks,0
bed diffusion burner,0
your resume,0
academic advisor  dolphin community college garfield heights oh,1
location,0
a bibliography page,0
your relationship,0
strong student counseling experience,1
cvs,0
the cse career center resource center,0
your qualifications,0
a computer program,1
a lot,0
mass measurements,1
presented findings,0
an academic job search,0
general membership,0
effect,0
flow impedances,0
natural convection,1
the bottom line,0
this formula,0
part,0
this handout,0
your level,1
your efforts,0
academician,0
solutions,0
performed experiments,0
teachingresearch experience,0
the       example resume,0
a right or wrong way,0
projects,1
presenters,0
java python teachers,1
choice,0
presentations  journals,0
professional,1
many occupations,0
a project,1
professional associations,1
crystalline silicon nanoparticles,0
neutral colors,1
times new roman arial,0
cooperating,0
particle structure,1
preregistration,0
the requirements,0
a part,0
programs,0
st bishops college garfield heights oh,0
filter performance evaluation dust cake           loading and filter pleating design     conduct numerical study,0
mentor students,0
bullet points skills statements,0
software engineers,1
class,0
agglomerated nanoparticles,1
member,0
4 years,0
what,0
the amount,0
student,0
duties,0
effects,0
bulleted skills statements,0
someone,0
page 8  michael anical  page 2  patents,0
the margins,0
national science foundation graduate research fellowship,0
a low pressure silane plasma reactor,1
depth,1
helping people,1
the supervisor,1
more relevant  areas,0
strong skills statement,1
hostel accommodation,0
length,0
americorps volunteer mn math corps,0
avoid,0
your marketing tool,1
macromedia,0
publications    journal publications,0
some examples,0
spelling,0
selected publications,1
a master resume,0
certificates,1
the right decision,1
samples,0
advanced practice nursing experience,1
font size,0
present tense,0
describing feelings,0
annual,0
your work,0
the right courses,0
electronic device applications,1
minnesota,0
air filtration cleanroom technology engine emission,1
specific book lists,0
your cv references,0
separations society,0
unpa basf company,0
them,0
author mark michael anical tom article title conference title conference city state,0
boom inc seattle wa,0
your field,0
both    technical and transferable skills,1
our strongly suggested          guidelines resumes,0
thesis title low pressure plasma synthesis,0
writing,1
funding,0
excel,1
complete sentence format,0
dublin oh,0
your application materials,0
unpa,0
etc,0
the skill,1
ability,1
names,0
particle image velocimetry,1
my teamwork,0
two things,0
english,1
the first point,0
interpretation,1
library science,1
social sciences,1
the most recent and the  most relevant          content,0
an internet search,0
reproducibility,1
recommendations,0
academic advisor,0
a  cse career counselor,0
a topic,0
the completion date,0
your document,0
only no laptops,0
sections examples,0
routine duties,0
august,0
c++ nanoparticles,1
the  system,0
a basic overview,0
track,1
amount,0
newsletters,0
personalized academic counseling,1
front,0
electrical engineers,1
american association,0
gpa thesis,0
goldy gopher,0
the reader,0
387  bachelor,1
pressure,0
spectroscopy optical emission spectroscopy,1
honorsfellowships   list competitive scholarships fellowships,1
2 pages long   presentation,0
your format,0
skills,1
reference materials,0
quality bond paper,0
families,0
scholars,0
assisted students,0
section,0
academic  learning process,0
the truth,0
higher education,0
resume,0
atrisk,0
university,0
optical particle counter liquid particle counters,1
c++ skills statements,1
gpa,0
particle engineering,0
appointments,0
morphology,1
progress,0
your findings,1
the internet and search techniques,0
september 2011  present,0
nurse practitioners,1
areas,0
academic books,0
related experience research experience,0
edx differential mobility analyzer condensation,0
structure,0
vacuum equipment,0
each position,0
phone,0
meeting minneapolis mn dec,0
your most relevant qualifications,0
additional experience  college,0
volunteercommunity experience,0
your classmates,0
c++ java lean manufacturing,1
turnaround time,0
program,0
aaar annual conference,0
filter media,0
professional student,0
your advisor,0
suppliers,0
furnace,0
may 2015    college,0
style,0
portland  university 2009  bachelors degree,0
verbs,0
c++ java computer languages,1
author mark michael anical,1
marital status age ethnicity height,0
october,0
implementing decisions,1
advice,0
our resume examples binder,0
course,0
the positions,0
dr byron labb,0
tips,0
high school english teacher,1
such a  personal document,0
conflict,0
it,0
new modules,0
the results,0
conducting,0
mentor,1
career field,0
the title,0
diagnostic reagents,0
database,1
action verb,0
published works,1
complete and details records,0
upgrading control software,1
reduced losses,0
your previous work experience,1
the scores,0
your section headings,0
center,0
changes,0
smith parker,0
ideas,0
a brief note,0
we,0
a work history,0
java python materials,1
the right time,0
commercial airplane cabins,0
model screens,0
the              relation,0
developing evaluations,0
the position          description,0
an application,0
each side,0
sustain nsf,0
four other interns,0
accepted  conferences     presentation effect,0
solar thermal storage vessels,0
highlight,0
listening  conveying feelings,0
cv,0
colleagues,0
a professional archive,0
silicon      nanoparticles,1
124 minnesota lane    minneapolis mn 55414    6515557799    goldyumnedu,0
atrisk students,0
scholarship programs,0
your options,0
problems,0
planning,0
respect,1
meeting,1
the format,0
engineering,1
fluidized,1
the most important information,0
scheduling appointments,1
online graded quizzes,0
academic learning process,0
aerosol sci  technol,1
objective,0
a huge collection,0
mechanical engineering,1
pleasure,0
a larger size,0
aerosol research,1
presented robot,0
curriculum vitae guide,0
your significant achievements,1
spell check,0
ms projects,1
ms office suite,1
and design proficiencies,1
finite element analysis,1
projectquantification planning,1
state,0
cv template,0
affiliations  member,0
work survival,0
multiple localized force feedback,0
the ability,1
the order,0
document,0
a resume description,0
academic support,1
white light absorption,0
evaluate,0
information,0
the page number,0
a cse  career counselor,0
the keywords,0
quality information,1
font styles,0
a template,0
strategize,0
c++ java python internship,1
details,0
use,0
this record,0
boeing,0
some employers,0
enlisting help,0
instrumentation     experience,0
your duties,0
your expected  graduation date,0
utilized  page 4  action,0
different types,0
basf     proficient,0
chemical engineers,1
creating theories,1
filtration research cfr,1
weekly quizzes,0
a separate page,0
specific  knowledge,1
comprehensive knowledge,1
low health literacy populations,0
a concise one,0
may 2013   mechanical engineering advanced study grant,1
qualifications objective skills,1
comparative studies,0
fun,0
grants,0
admissions,0
dates,0
cfd simulation results,1
1000 gopher avenue,0
a high level,1
characterized plasma particle system,1
nursing career advisor,0
your sections,0
expert,1
titletype,0
garfield heights oh,0
andor permanent address telephone number,0
the universal nanoparticle analyzer unpa,0
particle generation nebulizer tube,0
the list,0
advising,0
autocad,1
mathcad,1
matlab,1
iso,1
safety compliance,1
an   employer,0
a brief statement,0
bachelor,1
extracting information,1
a 3045 minute appointment,0
a resume prelicensure,0
books,0
which transferrable skills,1
1 verb tired,0
their books,0
the degree,0
colleges,0
data,0
new functions,0
teaching experience,1
your strengths,1
present,0
family nurse practitioner,0
nanofiber layer,0
portland pa,0
updated records,0
that specific academic discipline,0
a  final research paper,0
several people,0
precepted family nurse practitioner clinical,0
continue nsf funded research,0
excellent ability,1
options,0
college,0
skill,1
many sections,0
setting goals,0
review,0
the most important qualifications,0
discussions,0
list professional associationsorganizations,0
a keyword search,0
products,0
posters,0
g gopher l yang ab duggard h,0
the point,0
fall semester,0
dissertation title numerical study,0
member american association,0
assistantships,1
utilized creativity,0
many skills,1
others,0
2 education,1
interpersonal  skills,1
conference publications,0
eg,0
your ability,0
flow fields,1
columbus oh,0
1234 gopher way minneapolis mn,0
sections,0
department,0
spanish,1
a complete list,0
prospective employers,0
cover,0
our resume writing,1
these skills,0
customers partners subcontractors,0
a short amount,0
pulsed aerosol,0
things,0
technical skills,1
abc university garfield heights oh,0
nonverbal  messages,0
certifications,1
pressure drop,0
vella,0
nanofiber filters,0
a great idea,0
the organization,0
language technical and laboratory skills,1
leadership,1
master,1
leadership experience,1
presented realtime automotive slip angle estimation,1
the relation,0
what strength,1
editing  research,1
the formulas,0
columbus public schools                                columbus oh,0
a systematic approach,0
a short description,0
a smoke test chamber,0
professors,0
academic goals,0
organizing   management,0
an experimental system,0
your cv,0
their problems,0
this guide,0
the recruiter,0
developing pulsed aerosol loading system center,1
reference,0
weight,0
counseling,0
room,0
science and engineering university,1
an analytical model,0
a phd student,1
flexibility,0
the body,0
planned parenthood                          dayton oh,0
resume example,0
a description,0
most people,0
manufacturing problems,1
clean library environment,0
this section,0
also many grad entry resumes,0
aerospace engineers,1
mass concentration,1
your prelicensure nursing experience,0
research assistant high temperature,0
academic librarian,0
your most relevant experiences,0
english and german language,1
proengineer solidworks imagej,1
scholastic honors,0
interests,0
email  address,0
the filtration,0
graduate entry students,0
managing groups,1
gathering information,1
java python the  right career,1
situations,0
changing sections,0
java python new  techniques,1
a one,0
the paper,0
diffusionlimited aggregation,0
presenting information,0
groups,0
23 full pages,0
your most related experiences,0
goals,0
modular enclosures,0
past experiences,0
about 15 seconds,0
different heating,0
action,0
an academic advisor,0
your search,0
your documentit,0
a rotary mass actuator,0
issues,0
related books,0
august 2009present   minnesota society,0
registered nurse experience  riverside hospital icu  columbus oh,0
intern summer,0
new office equipment,0
reviewing,0
the bigger picture,0
the end,0
the american society,0
velocity gradient,0
experimental and theoretical studies,1
various topics,0
request,0
reverse chronological order,0
motivating  sharing credit,1
electrospray,0
the completion,0
student records,0
library resources,1
assembled  build,0
material and grading policies,0
college cultural and sports  activities,0
registered nurse,0
autodesk,1
labview,1
rhino,1
mathematica,1
listening attentively  expressing ideas,0
additional resources    visit wwwccseumnedu,0
minnesotatwin,0
personal pronouns,0
the  title coauthors,1
creative,0
anything,0
diverse subjects,0
the ohio state university college,0
trainee academic librarian,0
education  masters degree,1
feedback,0
the skillful expression,1
an academic librarian job,0
responsibility,0
international association,0
opinions,1
low pressure plasma synthesis,0
any order,0
javascript ,1
your previous education,0
the latest tools,0
structure xxth,0
skill    ,0
personal information,0
c++,1
java,1
statisticalprocess analysis,1
